velocityOfSound,density,resolution
0.4072321865703597,1.0,512
0.5174652210972803,2.0,512
0.5916407602081724,3.0,512
0.6474560973967448,4.0,512
0.6935676719920659,5.0,512
0.7289059972218893,6.0,512
0.7602019931938547,7.0,512
0.7995632421116097,8.0,512
0.8077461155488762,9.0,512
0.06949786298355165,10.0,512
0.8793270188834297,11.0,512
0.9100950767503294,12.0,512
0.9356285411185442,13.0,512
0.9583638979615984,14.0,512
0.9791557370497862,15.0,512
0.9984315491200203,16.0,512
1.0165163484226363,17.0,512
1.033575466442512,18.0,512
1.0497527987351831,19.0,512
1.0651591326393082,20.0,512
1.0799408400339172,21.0,512
1.0940425179684774,22.0,512
1.1075954843861364,23.0,512
1.1206495587485292,24.0,512
1.1332474352214155,25.0,512
1.1454260723945597,26.0,512
1.1572177417201672,27.0,512
1.168650834744291,28.0,512
1.180082238546555,29.0,512
1.1908371503338864,30.0,512
1.2013050024078655,31.0,512
1.2115032786941669,32.0,512
1.2214478242008102,33.0,512
1.2311530504183632,34.0,512
1.2406321087286092,35.0,512
1.2498970377415484,36.0,512
1.2589588892184889,37.0,512
1.2678278362800384,38.0,512
1.2765132668613275,39.0,512
1.2850238648056884,40.0,512
1.2933676805410041,41.0,512
1.301552192930262,42.0,512
1.3095843636072917,43.0,512
1.3174706848839848,44.0,512
1.3252172221340306,45.0,512
1.3328296514111302,46.0,512
1.3403132929395425,47.0,512
1.3476731410162304,48.0,512
1.3549138907824851,49.0,512
1.362039962255414,50.0,512
