velocityOfSound,density,resolution
0.1778396536333138,1.0,512
0.2832409402172991,2.0,512
0.37241268821100465,3.0,512
0.4475716586235787,4.0,512
0.5149678346436047,5.0,512
0.568621832521962,6.0,512
0.6183962353731284,7.0,512
0.6881248396505436,8.0,512
0.725565026965638,9.0,512
0.005058781793279184,10.0,512
0.8271859355108842,11.0,512
0.8919066303287412,12.0,512
0.9469167856865229,13.0,512
0.9969614967810411,14.0,512
1.0436251880307599,15.0,512
1.0876501282904556,16.0,512
1.1296559088408928,17.0,512
1.1698920680362612,18.0,512
1.2086020129339368,19.0,512
1.2459711669234192,20.0,512
1.2823346442982893,21.0,512
1.317401646370514,22.0,512
1.3514990465501615,23.0,512
1.3847083894777088,24.0,512
1.4170996835633725,25.0,512
1.4487336847947077,26.0,512
1.4796636061101451,27.0,512
1.5099364250401903,28.0,512
1.5407128400188086,29.0,512
1.5696849325852695,30.0,512
1.5981239465783923,31.0,512
1.6260587107547104,32.0,512
1.6535155061755475,33.0,512
1.6805183753566433,34.0,512
1.7070893841171835,35.0,512
1.7332488447994006,36.0,512
1.7590155076893226,37.0,512
1.7844067260701035,38.0,512
1.8094385992641318,39.0,512
1.8341260971856437,40.0,512
1.8584831692720518,41.0,512
1.8825228401458602,42.0,512
1.9062572939481248,43.0,512
1.9296979489547064,44.0,512
1.9528555238204637,45.0,512
1.9757400965801661,46.0,512
1.9983611573580873,47.0,512
2.02072765559277,48.0,512
2.042848042463318,49.0,512
2.0647303091036022,50.0,512
