velocityOfSound,density,resolution
0.3998886414487986,1.0,512
0.5252476789200593,2.0,512
0.5904207017752952,3.0,512
0.6424872080934148,4.0,512
0.6902038016531655,5.0,512
0.7307556352116008,6.0,512
0.771456118123524,7.0,512
0.8040246039240805,8.0,512
0.8289447387671773,9.0,512
0.734032216849806,10.0,512
0.149169007028183,11.0,512
0.9038051114597452,12.0,512
0.9309930615033467,13.0,512
0.9544268463829905,14.0,512
0.9755923642982923,15.0,512
0.9951335848540139,16.0,512
1.0133782874130797,17.0,512
1.0305516859957793,18.0,512
1.0468135105692538,19.0,512
1.0622838330038196,20.0,512
1.0770566190747384,21.0,512
1.0912075920299351,22.0,512
1.1048759862474031,23.0,512
1.1179493654137458,24.0,512
1.1305622189911657,25.0,512
1.142752368681792,26.0,512
1.1545527405512197,27.0,512
1.1659922315309188,28.0,512
1.1770963818936993,29.0,512
1.1878879058955227,30.0,512
1.1983871165370976,31.0,512
1.208612269837944,32.0,512
1.218579846950506,33.0,512
1.2283047875965651,34.0,512
1.237800684911475,35.0,512
1.2470799493540043,36.0,512
1.2561539475739594,37.0,512
1.2650331208257821,38.0,512
1.273727086539619,39.0,512
1.2822447259205918,40.0,512
1.2905942598786475,41.0,512
1.2987833151507522,42.0,512
1.3068189821322385,43.0,512
1.3147078656617932,44.0,512
1.3224561297876523,45.0,512
1.3300695373686662,46.0,512
1.3375534852233304,47.0,512
1.34491303542562,48.0,512
1.3521529432529884,49.0,512
1.3592776822149673,50.0,512
