velocityOfSound,density,resolution
0.38074583821419417,0.1,1024.csv
0.18827898998243142,0.3,1024.csv
0.44302740190361534,0.4,1024.csv
0.37382710325952145,0.5,1024.csv
0.6134969085738625,0.6,1024.csv
0.5013420370760232,0.7,1024.csv
0.41038283631727834,0.8,1024.csv
0.31189831431524023,0.9,1024.csv
0.348169914423547,1.0,1024.csv
0.40819685685145024,1.1,1024.csv
0.4304395499225488,1.2,1024.csv
0.4466634017706029,1.3,1024.csv
0.46519658528573876,1.4,1024.csv
0.4706379919985686,1.5,1024.csv
0.4858129707819457,1.6,1024.csv
0.4941879364732509,1.7,1024.csv
0.5022087736846697,1.8,1024.csv
0.5174681265088332,1.9,1024.csv
0.44684037774330354,2.0,1024
0.5195040719478914,2.0,1024.csv
0.4771570279171095,2.5,1024
0.5047856715066885,3.0,1024
0.5323769363428783,3.5,1024
0.551859628126369,4.0,1024
0.5701344515852843,4.5,1024
0.5897537524106005,5.0,1024
0.6035493350699412,5.5,1024
0.619815781214816,6.0,1024
0.6352965272256942,6.5,1024
0.6523876557819817,7.0,1024
0.6598681330742149,7.5,1024
0.6768733929206376,8.0,1024
0.6855055091610587,8.5,1024
0.6982054107231249,9.0,1024
0.7093511930591794,9.5,1024
0.720085516154173,10.0,1024
0.9048958541110519,12.0,1024
0.9322429633127844,13.0,1024
0.9557877193274571,14.0,1024
0.6078910808032787,15.0,1024
1.0622838330038196,20.0,512
1.1878879058955227,30.0,512
1.3592776822149673,50.0,512
1.6242685382445763,100.0,512
