velocityOfSound,density,resolution
0.5434546142026161,0.1,512
0.3341382808770039,0.7,512
0.39700378969983796,1.0,512
0.48347780040365884,1.6,512
0.5240366084744402,2.0,512
0.5933310320416513,3.0,512
0.6453272528137283,4.0,512
0.6949877475895102,5.0,512
0.7861806053720941,8.0,512
0.9011462825995825,10.0,512
0.875063204906611,11.0,512
0.9077851526424402,12.0,512
0.9775813392498633,15.0,512
1.0637014435058292,20.0,512
1.1317486590311097,25.0,512
1.1889583888856305,30.0,512
1.3601175837988622,50.0,512
1.509959434683651,75.0,512
1.6248964898384755,100.0,512
1.8008335978294925,150.0,512
1.9364970696261172,200.0,512
