velocityOfSound,density,resolution
0.3593957960210578,0.1,1024
0.4167810635913296,0.2,1024
0.33816575332605936,0.3,1024
0.36602134100690287,0.4,1024
0.3054235360118217,0.5,1024
0.2812308000647652,0.6,1024
0.34589270941056255,0.7,1024
0.39928080003108257,0.8,1024
0.42939510975153233,0.9,1024
0.44727132409020026,1.0,1024
0.4669775099202235,1.1,1024
0.4870315271500906,1.2,1024
0.5024603096676625,1.3,1024
0.5168224300996216,1.4,1024
0.5952520077757033,1.5,1024
0.6231674557879767,1.6,1024
0.6477894368276778,1.7,1024
0.6700394117361403,1.8,1024
0.6905929103731385,1.9,1024
0.7098506609163502,2.0,1024
0.7940102560649558,2.5,1024
0.8660018671886804,3.0,1024
0.9305995210432121,3.5,1024
0.9899278591590531,4.0,1024
1.045190335633551,4.5,1024
1.0965989514844654,5.0,1024
1.1460424238916789,5.5,1024
1.1940844323843707,6.0,1024
1.2373057624334862,6.5,1024
1.2806011056402438,7.0,1024
1.3221268892029086,7.5,1024
1.3628026007049545,8.0,1024
1.3996962192335751,8.5,1024
1.4370793534922053,9.0,1024
1.4739083888715383,9.5,1024
1.5116109590820697,10.0,1024
1.5807208722510147,11.0,1024
1.6448198974882167,12.0,1024
1.7028280340678428,13.0,1024
1.7612004721006609,14.0,1024
1.523715452964385,15.0,1024
2.0704876404148744,20.0,1024
2.2920513454675477,25.0,1024
2.498625281092935,30.0,1024
2.676254632784581,35.0,1024
2.853252856830342,40.0,1024
3.0836961695760485,45.0,1024
3.1768397339563723,50.0,1024
