velocityOfSound,density,resolution
0.17158139222316188,1.0,512
0.2939702591876507,2.0,512
0.37085878277168755,3.0,512
0.4396843466202896,4.0,512
0.5093065299430873,5.0,512
0.5723820107874505,6.0,512
0.6409505595107233,7.0,512
0.6974510862200196,8.0,512
0.7405504399930807,9.0,512
0.5530041024415177,10.0,512
0.023165531436917106,11.0,512
0.8770176056225121,12.0,512
0.935594518455855,13.0,512
0.987129102377096,14.0,512
1.034563290590285,15.0,512
1.0791424010137345,16.0,512
1.1214495157191702,17.0,512
1.1618856097882149,18.0,512
1.2007290691913604,19.0,512
1.2381859491758245,20.0,512
1.2744157489295869,21.0,512
1.3095460447092981,22.0,512
1.3439351398934636,23.0,512
1.377129617554004,24.0,512
1.4094968865606308,25.0,512
1.4410996249214956,26.0,512
1.47199250040207,27.0,512
1.5022236110466034,28.0,512
1.5318355942013242,29.0,512
1.5608664958956562,30.0,512
1.5893504630606563,31.0,512
1.6173183022047264,32.0,512
1.644797935702898,33.0,512
1.6718147784048474,34.0,512
1.698392051404684,35.0,512
1.7245510456661475,36.0,512
1.750311345205978,37.0,512
1.7756910173470535,38.0,512
1.8007067759238553,39.0,512
1.8253741220954156,40.0,512
1.8497074664848245,41.0,512
1.8737202356426432,42.0,512
1.89742496526923,43.0,512
1.920833382188923,44.0,512
1.9439564767183783,45.0,512
1.96680456679104,46.0,512
1.9893873549739653,47.0,512
2.011713979330136,48.0,512
2.0337930589299433,49.0,512
2.05563273469283,50.0,512
