velocityOfSound,density,resolution
0.39700378969983796,1.0,512
0.5240366084744402,2.0,512
0.5933310320416513,3.0,512
0.6453272528137283,4.0,512
0.6949877475895102,5.0,512
0.7231220985202947,6.0,512
0.7761870631706238,7.0,512
0.7861806053720941,8.0,512
0.8262323162613338,9.0,512
0.9011462825995825,10.0,512
0.875063204906611,11.0,512
0.9077851526424402,12.0,512
0.9337799844365169,13.0,512
0.9567085424822724,14.0,512
0.9775813392498633,15.0,512
0.9969355965366276,16.0,512
1.0150459342888942,17.0,512
1.032117022066467,18.0,512
1.048297635529972,19.0,512
1.0637014435058292,20.0,512
1.0784184056367767,21.0,512
1.0925868486889658,22.0,512
1.106126505739566,23.0,512
1.1191660928741636,24.0,512
1.1317486590311097,25.0,512
1.143911418533347,26.0,512
1.1556868302944754,27.0,512
1.1671034251666346,28.0,512
1.1781864518237293,29.0,512
1.1889583888856305,30.0,512
1.199439356496582,31.0,512
1.2096474510272377,32.0,512
1.2195990201152611,33.0,512
1.2293088907911203,34.0,512
1.23879056027779,35.0,512
1.2480563567800242,36.0,512
1.257117575915654,37.0,512
1.2659845972063477,38.0,512
1.274666984115944,39.0,512
1.2831735704167155,40.0,512
1.2915125351188812,41.0,512
1.2996914677748401,42.0,512
1.307717425636789,43.0,512
1.3155969838829829,44.0,512
1.323336279917639,45.0,512
1.3309410525805163,46.0,512
1.3384166769654349,47.0,512
1.3457681954356053,48.0,512
1.353000345332383,49.0,512
1.3601175837988622,50.0,512
