velocityOfSound,density,resolution
0.16815017112800032,1.0,512
0.2920375474116993,2.0,512
0.37502211492528464,3.0,512
0.4441198197770377,4.0,512
0.517582542792264,5.0,512
0.5580184704892972,6.0,512
0.6504770511473816,7.0,512
0.6607072279470586,8.0,512
0.7339427698146668,9.0,512
0.9544290715319295,10.0,512
0.81759409391385,11.0,512
0.8864587386472058,12.0,512
0.9424370052783958,13.0,512
0.9928706413124059,14.0,512
1.039666881671651,15.0,512
1.0838462120529204,16.0,512
1.1258697333074614,17.0,512
1.1660931293071122,18.0,512
1.2047705176023094,19.0,512
1.2420937142946729,20.0,512
1.2782132864903053,21.0,512
1.3134637425128428,22.0,512
1.3474888737975064,23.0,512
1.3806231096640764,24.0,512
1.4129372975883094,25.0,512
1.4444928045546968,26.0,512
1.4753432963665287,27.0,512
1.50553609118579,28.0,512
1.5351132095557682,29.0,512
1.5641122027650338,30.0,512
1.592566815922766,31.0,512
1.6205075255224588,32.0,512
1.6479619801692817,33.0,512
1.6749553655367198,34.0,512
1.7015107092889898,35.0,512
1.7276491379015502,36.0,512
1.7533900945495606,37.0,512
1.7787515251967787,38.0,512
1.8037500384938683,39.0,512
1.828401043941126,40.0,512
1.8527188718865077,41.0,512
1.8767168782452561,42.0,512
1.9004075362920931,43.0,512
1.9238025174546745,44.0,512
1.9469127627010012,45.0,512
1.9697485458442172,46.0,512
1.992319529870731,47.0,512
2.0146348172208923,48.0,512
2.0367029948068804,49.0,512
2.058532174433532,50.0,512
